CREATE DATABASE  IF NOT EXISTS `palenque_mart_db` /*!40100 DEFAULT CHARACTER SET utf8mb4 COLLATE utf8mb4_0900_ai_ci */ /*!80016 DEFAULT ENCRYPTION='N' */;
USE `palenque_mart_db`;
-- MySQL dump 10.13  Distrib 8.0.42, for Win64 (x86_64)
--
-- Host: localhost    Database: palenque_mart_db
-- ------------------------------------------------------
-- Server version	8.0.42

/*!40101 SET @OLD_CHARACTER_SET_CLIENT=@@CHARACTER_SET_CLIENT */;
/*!40101 SET @OLD_CHARACTER_SET_RESULTS=@@CHARACTER_SET_RESULTS */;
/*!40101 SET @OLD_COLLATION_CONNECTION=@@COLLATION_CONNECTION */;
/*!50503 SET NAMES utf8 */;
/*!40103 SET @OLD_TIME_ZONE=@@TIME_ZONE */;
/*!40103 SET TIME_ZONE='+00:00' */;
/*!40014 SET @OLD_UNIQUE_CHECKS=@@UNIQUE_CHECKS, UNIQUE_CHECKS=0 */;
/*!40014 SET @OLD_FOREIGN_KEY_CHECKS=@@FOREIGN_KEY_CHECKS, FOREIGN_KEY_CHECKS=0 */;
/*!40101 SET @OLD_SQL_MODE=@@SQL_MODE, SQL_MODE='NO_AUTO_VALUE_ON_ZERO' */;
/*!40111 SET @OLD_SQL_NOTES=@@SQL_NOTES, SQL_NOTES=0 */;

--
-- Table structure for table `cart`
--

DROP TABLE IF EXISTS `cart`;
/*!40101 SET @saved_cs_client     = @@character_set_client */;
/*!50503 SET character_set_client = utf8mb4 */;
CREATE TABLE `cart` (
  `id` int NOT NULL AUTO_INCREMENT,
  `user_id` int NOT NULL,
  `product_id` int NOT NULL,
  `quantity` int NOT NULL DEFAULT '1',
  `created_at` timestamp NULL DEFAULT CURRENT_TIMESTAMP,
  `updated_at` timestamp NULL DEFAULT CURRENT_TIMESTAMP ON UPDATE CURRENT_TIMESTAMP,
  PRIMARY KEY (`id`),
  UNIQUE KEY `unique_user_product` (`user_id`,`product_id`),
  KEY `idx_user_id` (`user_id`),
  KEY `idx_product_id` (`product_id`)
) ENGINE=InnoDB AUTO_INCREMENT=3 DEFAULT CHARSET=utf8mb4 COLLATE=utf8mb4_0900_ai_ci;
/*!40101 SET character_set_client = @saved_cs_client */;

--
-- Dumping data for table `cart`
--

LOCK TABLES `cart` WRITE;
/*!40000 ALTER TABLE `cart` DISABLE KEYS */;
INSERT INTO `cart` VALUES (2,4,1,1,'2025-08-24 07:19:18','2025-08-24 07:19:18');
/*!40000 ALTER TABLE `cart` ENABLE KEYS */;
UNLOCK TABLES;

--
-- Table structure for table `conversations`
--

DROP TABLE IF EXISTS `conversations`;
/*!40101 SET @saved_cs_client     = @@character_set_client */;
/*!50503 SET character_set_client = utf8mb4 */;
CREATE TABLE `conversations` (
  `id` int NOT NULL AUTO_INCREMENT,
  `user_id` int NOT NULL,
  `seller_id` int NOT NULL,
  `last_message_id` int DEFAULT NULL,
  `last_message_at` timestamp NULL DEFAULT NULL,
  `user_unread_count` int DEFAULT '0',
  `seller_unread_count` int DEFAULT '0',
  `is_active` tinyint(1) DEFAULT '1',
  `created_at` timestamp NULL DEFAULT CURRENT_TIMESTAMP,
  `updated_at` timestamp NULL DEFAULT CURRENT_TIMESTAMP ON UPDATE CURRENT_TIMESTAMP,
  PRIMARY KEY (`id`),
  UNIQUE KEY `unique_user_seller` (`user_id`,`seller_id`),
  KEY `idx_user_id` (`user_id`),
  KEY `idx_seller_id` (`seller_id`),
  KEY `idx_last_message_at` (`last_message_at`),
  KEY `idx_is_active` (`is_active`),
  KEY `fk_conversations_last_message` (`last_message_id`),
  KEY `idx_conversations_user_updated` (`user_id`,`updated_at` DESC),
  KEY `idx_conversations_seller_updated` (`seller_id`,`updated_at` DESC),
  CONSTRAINT `fk_conversations_last_message` FOREIGN KEY (`last_message_id`) REFERENCES `messages` (`id`) ON DELETE SET NULL,
  CONSTRAINT `fk_conversations_seller` FOREIGN KEY (`seller_id`) REFERENCES `sellers` (`id`) ON DELETE CASCADE,
  CONSTRAINT `fk_conversations_user` FOREIGN KEY (`user_id`) REFERENCES `users` (`id`) ON DELETE CASCADE
) ENGINE=InnoDB AUTO_INCREMENT=3 DEFAULT CHARSET=utf8mb4 COLLATE=utf8mb4_0900_ai_ci;
/*!40101 SET character_set_client = @saved_cs_client */;

--
-- Dumping data for table `conversations`
--

LOCK TABLES `conversations` WRITE;
/*!40000 ALTER TABLE `conversations` DISABLE KEYS */;
INSERT INTO `conversations` VALUES (1,3,1,20,'2025-08-26 04:29:47',0,0,1,'2025-08-24 13:20:10','2025-08-26 05:42:46'),(2,4,1,17,'2025-08-25 09:32:48',0,0,1,'2025-08-25 09:27:17','2025-08-26 04:25:38');
/*!40000 ALTER TABLE `conversations` ENABLE KEYS */;
UNLOCK TABLES;

--
-- Table structure for table `delivery_assignments`
--

DROP TABLE IF EXISTS `delivery_assignments`;
/*!40101 SET @saved_cs_client     = @@character_set_client */;
/*!50503 SET character_set_client = utf8mb4 */;
CREATE TABLE `delivery_assignments` (
  `id` int NOT NULL AUTO_INCREMENT,
  `order_id` int NOT NULL,
  `delivery_partner_id` int DEFAULT NULL,
  `status` enum('looking_for_rider','rider_assigned','picked_up','delivered','cancelled') DEFAULT 'looking_for_rider',
  `assigned_at` timestamp NULL DEFAULT NULL,
  `pickup_time` timestamp NULL DEFAULT NULL,
  `delivery_time` timestamp NULL DEFAULT NULL,
  `estimated_delivery_time` timestamp NULL DEFAULT NULL,
  `delivery_fee` decimal(10,2) DEFAULT '0.00',
  `pickup_address` text,
  `delivery_address` text,
  `special_instructions` text,
  `created_at` timestamp NULL DEFAULT CURRENT_TIMESTAMP,
  `updated_at` timestamp NULL DEFAULT CURRENT_TIMESTAMP ON UPDATE CURRENT_TIMESTAMP,
  PRIMARY KEY (`id`),
  KEY `idx_order_id` (`order_id`),
  KEY `idx_delivery_partner_id` (`delivery_partner_id`),
  KEY `idx_status` (`status`)
) ENGINE=InnoDB AUTO_INCREMENT=3 DEFAULT CHARSET=utf8mb4 COLLATE=utf8mb4_0900_ai_ci;
/*!40101 SET character_set_client = @saved_cs_client */;

--
-- Dumping data for table `delivery_assignments`
--

LOCK TABLES `delivery_assignments` WRITE;
/*!40000 ALTER TABLE `delivery_assignments` DISABLE KEYS */;
INSERT INTO `delivery_assignments` VALUES (1,1,1,'delivered','2025-08-27 11:43:38','2025-08-27 11:43:55','2025-08-27 11:44:06',NULL,50.00,'Karangahan Boulevard, Bangkilingan, Tabaco, Albay 4511, Near Melgar Bakery','5 Tomas Cabiles Street, San Juan, Tabaco, Albay 4511',NULL,'2025-08-27 11:43:29','2025-08-27 11:44:06'),(2,2,1,'delivered','2025-08-27 11:51:31','2025-08-27 11:51:37','2025-08-27 11:51:47',NULL,50.00,'Karangahan Boulevard, Bangkilingan, Tabaco, Albay 4511, Near Melgar Bakery','5 Tomas Cabiles Street, San Juan, Tabaco, Albay 4511',NULL,'2025-08-27 11:51:24','2025-08-27 11:51:47');
/*!40000 ALTER TABLE `delivery_assignments` ENABLE KEYS */;
UNLOCK TABLES;

--
-- Table structure for table `delivery_candidates`
--

DROP TABLE IF EXISTS `delivery_candidates`;
/*!40101 SET @saved_cs_client     = @@character_set_client */;
/*!50503 SET character_set_client = utf8mb4 */;
CREATE TABLE `delivery_candidates` (
  `id` int NOT NULL AUTO_INCREMENT,
  `assignment_id` int NOT NULL,
  `delivery_partner_id` int NOT NULL,
  `distance` decimal(8,2) DEFAULT NULL,
  `status` enum('pending','accepted','declined','expired') DEFAULT 'pending',
  `notified_at` timestamp NULL DEFAULT CURRENT_TIMESTAMP,
  `responded_at` timestamp NULL DEFAULT NULL,
  `created_at` timestamp NULL DEFAULT CURRENT_TIMESTAMP,
  `updated_at` timestamp NULL DEFAULT CURRENT_TIMESTAMP ON UPDATE CURRENT_TIMESTAMP,
  PRIMARY KEY (`id`),
  UNIQUE KEY `unique_assignment_partner` (`assignment_id`,`delivery_partner_id`),
  KEY `idx_assignment_id` (`assignment_id`),
  KEY `idx_delivery_partner_id` (`delivery_partner_id`),
  KEY `idx_status` (`status`),
  CONSTRAINT `fk_delivery_candidates_assignment` FOREIGN KEY (`assignment_id`) REFERENCES `delivery_assignments` (`id`) ON DELETE CASCADE,
  CONSTRAINT `fk_delivery_candidates_partner` FOREIGN KEY (`delivery_partner_id`) REFERENCES `delivery_partners` (`id`) ON DELETE CASCADE
) ENGINE=InnoDB AUTO_INCREMENT=9 DEFAULT CHARSET=utf8mb4 COLLATE=utf8mb4_0900_ai_ci;
/*!40101 SET character_set_client = @saved_cs_client */;

--
-- Dumping data for table `delivery_candidates`
--

LOCK TABLES `delivery_candidates` WRITE;
/*!40000 ALTER TABLE `delivery_candidates` DISABLE KEYS */;
INSERT INTO `delivery_candidates` VALUES (7,1,1,0.74,'accepted','2025-08-27 11:43:29','2025-08-27 11:43:38','2025-08-27 11:43:29','2025-08-27 11:43:38'),(8,2,1,0.71,'accepted','2025-08-27 11:51:25','2025-08-27 11:51:31','2025-08-27 11:51:25','2025-08-27 11:51:31');
/*!40000 ALTER TABLE `delivery_candidates` ENABLE KEYS */;
UNLOCK TABLES;

--
-- Table structure for table `delivery_partner_applications`
--

DROP TABLE IF EXISTS `delivery_partner_applications`;
/*!40101 SET @saved_cs_client     = @@character_set_client */;
/*!50503 SET character_set_client = utf8mb4 */;
CREATE TABLE `delivery_partner_applications` (
  `id` int NOT NULL AUTO_INCREMENT,
  `user_id` int NOT NULL,
  `application_id` varchar(20) NOT NULL,
  `vehicle_type` enum('motorcycle','tricycle','car','truck') NOT NULL,
  `license_number` varchar(50) NOT NULL,
  `vehicle_registration` varchar(50) NOT NULL,
  `vehicle_make` varchar(100) DEFAULT NULL,
  `vehicle_model` varchar(100) DEFAULT NULL,
  `vehicle_year` varchar(4) DEFAULT NULL,
  `vehicle_color` varchar(50) DEFAULT NULL,
  `company_name` varchar(255) DEFAULT NULL,
  `service_areas` json NOT NULL,
  `availability_hours` json NOT NULL,
  `emergency_contact_name` varchar(255) NOT NULL,
  `emergency_contact_phone` varchar(20) NOT NULL,
  `emergency_contact_relation` varchar(100) DEFAULT NULL,
  `status` enum('pending','approved','rejected','under_review','needs_resubmission') DEFAULT 'pending',
  `rejection_reason` text,
  `created_at` timestamp NULL DEFAULT CURRENT_TIMESTAMP,
  `updated_at` timestamp NULL DEFAULT CURRENT_TIMESTAMP ON UPDATE CURRENT_TIMESTAMP,
  `reviewed_at` timestamp NULL DEFAULT NULL,
  `reviewed_by` int DEFAULT NULL,
  PRIMARY KEY (`id`),
  UNIQUE KEY `application_id` (`application_id`),
  KEY `idx_user_id` (`user_id`),
  KEY `idx_application_id` (`application_id`),
  KEY `idx_status` (`status`),
  KEY `idx_reviewed_by` (`reviewed_by`)
) ENGINE=InnoDB AUTO_INCREMENT=2 DEFAULT CHARSET=utf8mb4 COLLATE=utf8mb4_0900_ai_ci;
/*!40101 SET character_set_client = @saved_cs_client */;

--
-- Dumping data for table `delivery_partner_applications`
--

LOCK TABLES `delivery_partner_applications` WRITE;
/*!40000 ALTER TABLE `delivery_partner_applications` DISABLE KEYS */;
INSERT INTO `delivery_partner_applications` VALUES (1,3,'DPA89506894','motorcycle','FSD0-343-FDFD-342','GDFD-345SF-DFDF-343','Honda','Click 125','2018','Red','Independent','[]','{\"friday\": {\"end\": \"17:00\", \"start\": \"09:00\", \"available\": false}, \"monday\": {\"end\": \"17:00\", \"start\": \"09:00\", \"available\": false}, \"sunday\": {\"end\": \"17:00\", \"start\": \"09:00\", \"available\": false}, \"tuesday\": {\"end\": \"17:00\", \"start\": \"09:00\", \"available\": false}, \"saturday\": {\"end\": \"17:00\", \"start\": \"09:00\", \"available\": false}, \"thursday\": {\"end\": \"17:00\", \"start\": \"09:00\", \"available\": false}, \"wednesday\": {\"end\": \"17:00\", \"start\": \"09:00\", \"available\": false}}','Marita C. Ricarte','0977345346546','Parent','approved',NULL,'2025-08-21 10:06:07','2025-08-21 10:19:46','2025-08-21 10:19:46',1);
/*!40000 ALTER TABLE `delivery_partner_applications` ENABLE KEYS */;
UNLOCK TABLES;

--
-- Table structure for table `delivery_partner_documents`
--

DROP TABLE IF EXISTS `delivery_partner_documents`;
/*!40101 SET @saved_cs_client     = @@character_set_client */;
/*!50503 SET character_set_client = utf8mb4 */;
CREATE TABLE `delivery_partner_documents` (
  `id` int NOT NULL AUTO_INCREMENT,
  `application_id` int NOT NULL,
  `document_type` enum('drivers_license','vehicle_registration','insurance','background_check','profile_photo') NOT NULL,
  `storage_key` varchar(500) NOT NULL,
  `file_name` varchar(255) NOT NULL,
  `file_size` int NOT NULL,
  `mime_type` varchar(100) NOT NULL,
  `verification_status` enum('pending','verified','rejected') DEFAULT 'pending',
  `rejection_reason` text,
  `created_at` timestamp NULL DEFAULT CURRENT_TIMESTAMP,
  `updated_at` timestamp NULL DEFAULT CURRENT_TIMESTAMP ON UPDATE CURRENT_TIMESTAMP,
  PRIMARY KEY (`id`),
  KEY `idx_application_id` (`application_id`),
  KEY `idx_document_type` (`document_type`),
  KEY `idx_verification_status` (`verification_status`)
) ENGINE=InnoDB AUTO_INCREMENT=5 DEFAULT CHARSET=utf8mb4 COLLATE=utf8mb4_0900_ai_ci;
/*!40101 SET character_set_client = @saved_cs_client */;

--
-- Dumping data for table `delivery_partner_documents`
--

LOCK TABLES `delivery_partner_documents` WRITE;
/*!40000 ALTER TABLE `delivery_partner_documents` DISABLE KEYS */;
INSERT INTO `delivery_partner_documents` VALUES (1,1,'drivers_license','user_3/DPA89506894/drivers_license-1755770767675.jpeg','images%20(6).jpeg',53886,'image/jpeg','verified',NULL,'2025-08-21 10:06:09','2025-08-21 10:19:11'),(2,1,'vehicle_registration','user_3/DPA89506894/vehicle_registration-1755770769482.jpeg','images%20(7).jpeg',47849,'image/jpeg','verified',NULL,'2025-08-21 10:06:09','2025-08-21 10:19:15'),(4,1,'insurance','user_3/DPA89506894/insurance-1755770769911.png','images%20(1).png',26986,'image/png','pending',NULL,'2025-08-21 10:06:10','2025-08-21 10:06:10');
/*!40000 ALTER TABLE `delivery_partner_documents` ENABLE KEYS */;
UNLOCK TABLES;

--
-- Table structure for table `delivery_partners`
--

DROP TABLE IF EXISTS `delivery_partners`;
/*!40101 SET @saved_cs_client     = @@character_set_client */;
/*!50503 SET character_set_client = utf8mb4 */;
CREATE TABLE `delivery_partners` (
  `id` int NOT NULL AUTO_INCREMENT,
  `user_id` int NOT NULL,
  `application_id` int NOT NULL,
  `partner_id` varchar(20) NOT NULL,
  `vehicle_type` enum('motorcycle','tricycle','car','truck') NOT NULL,
  `license_number` varchar(50) NOT NULL,
  `vehicle_registration` varchar(50) NOT NULL,
  `vehicle_make` varchar(100) DEFAULT NULL,
  `vehicle_model` varchar(100) DEFAULT NULL,
  `vehicle_year` varchar(4) DEFAULT NULL,
  `vehicle_color` varchar(50) DEFAULT NULL,
  `company_name` varchar(255) DEFAULT NULL,
  `service_areas` json DEFAULT NULL,
  `availability_hours` json DEFAULT NULL,
  `emergency_contact_name` varchar(255) NOT NULL,
  `emergency_contact_phone` varchar(20) NOT NULL,
  `emergency_contact_relation` varchar(100) DEFAULT NULL,
  `profile_picture` varchar(500) DEFAULT NULL,
  `is_online` tinyint(1) DEFAULT '0',
  `status` enum('available','occupied') DEFAULT 'available',
  `current_location_lat` decimal(10,8) DEFAULT NULL,
  `current_location_lng` decimal(11,8) DEFAULT NULL,
  `rating` decimal(3,2) DEFAULT '5.00',
  `total_deliveries` int DEFAULT '0',
  `is_active` tinyint(1) DEFAULT '1',
  `created_at` timestamp NULL DEFAULT CURRENT_TIMESTAMP,
  `updated_at` timestamp NULL DEFAULT CURRENT_TIMESTAMP ON UPDATE CURRENT_TIMESTAMP,
  PRIMARY KEY (`id`),
  UNIQUE KEY `partner_id` (`partner_id`),
  KEY `idx_user_id` (`user_id`),
  KEY `idx_application_id` (`application_id`),
  KEY `idx_is_online` (`is_online`),
  KEY `idx_is_active` (`is_active`),
  KEY `idx_profile_picture` (`profile_picture`)
) ENGINE=InnoDB AUTO_INCREMENT=2 DEFAULT CHARSET=utf8mb4 COLLATE=utf8mb4_0900_ai_ci;
/*!40101 SET character_set_client = @saved_cs_client */;

--
-- Dumping data for table `delivery_partners`
--

LOCK TABLES `delivery_partners` WRITE;
/*!40000 ALTER TABLE `delivery_partners` DISABLE KEYS */;
INSERT INTO `delivery_partners` VALUES (1,3,1,'DP89506894','motorcycle','FSD0-343-FDFD-342','GDFD-345SF-DFDF-343','Honda','Click 125','2018','Red','Independent','[]','{\"friday\": {\"end\": \"17:00\", \"start\": \"09:00\", \"available\": false}, \"monday\": {\"end\": \"17:00\", \"start\": \"09:00\", \"available\": false}, \"sunday\": {\"end\": \"17:00\", \"start\": \"09:00\", \"available\": false}, \"tuesday\": {\"end\": \"17:00\", \"start\": \"09:00\", \"available\": false}, \"saturday\": {\"end\": \"17:00\", \"start\": \"09:00\", \"available\": false}, \"thursday\": {\"end\": \"17:00\", \"start\": \"09:00\", \"available\": false}, \"wednesday\": {\"end\": \"17:00\", \"start\": \"09:00\", \"available\": false}}','Marita C. Ricarte','0977345346546','Parent','delivery-partners/DP89506894/profile_photos/profile_photo_1755771587260.jpeg',0,'available',NULL,NULL,5.00,0,1,'2025-08-21 10:19:47','2025-08-27 12:22:58');
/*!40000 ALTER TABLE `delivery_partners` ENABLE KEYS */;
UNLOCK TABLES;

--
-- Table structure for table `messages`
--

DROP TABLE IF EXISTS `messages`;
/*!40101 SET @saved_cs_client     = @@character_set_client */;
/*!50503 SET character_set_client = utf8mb4 */;
CREATE TABLE `messages` (
  `id` int NOT NULL AUTO_INCREMENT,
  `conversation_id` int NOT NULL,
  `sender_id` int NOT NULL,
  `sender_type` enum('user','seller') NOT NULL,
  `message_text` text NOT NULL,
  `message_type` enum('text','image','order_reference') DEFAULT 'text',
  `order_id` int DEFAULT NULL,
  `image_url` varchar(500) DEFAULT NULL,
  `is_read` tinyint(1) DEFAULT '0',
  `created_at` timestamp NULL DEFAULT CURRENT_TIMESTAMP,
  `updated_at` timestamp NULL DEFAULT CURRENT_TIMESTAMP ON UPDATE CURRENT_TIMESTAMP,
  PRIMARY KEY (`id`),
  KEY `idx_conversation_id` (`conversation_id`),
  KEY `idx_sender_id` (`sender_id`),
  KEY `idx_sender_type` (`sender_type`),
  KEY `idx_created_at` (`created_at`),
  KEY `idx_is_read` (`is_read`),
  KEY `idx_order_id` (`order_id`),
  KEY `idx_messages_conversation_created` (`conversation_id`,`created_at`),
  CONSTRAINT `fk_messages_conversation` FOREIGN KEY (`conversation_id`) REFERENCES `conversations` (`id`) ON DELETE CASCADE,
  CONSTRAINT `fk_messages_order` FOREIGN KEY (`order_id`) REFERENCES `orders` (`id`) ON DELETE SET NULL,
  CONSTRAINT `fk_messages_sender` FOREIGN KEY (`sender_id`) REFERENCES `users` (`id`) ON DELETE CASCADE
) ENGINE=InnoDB AUTO_INCREMENT=21 DEFAULT CHARSET=utf8mb4 COLLATE=utf8mb4_0900_ai_ci;
/*!40101 SET character_set_client = @saved_cs_client */;

--
-- Dumping data for table `messages`
--

LOCK TABLES `messages` WRITE;
/*!40000 ALTER TABLE `messages` DISABLE KEYS */;
INSERT INTO `messages` VALUES (1,1,3,'user','Hello','text',NULL,NULL,1,'2025-08-24 13:20:10','2025-08-24 15:37:06'),(2,1,3,'user','Gg','text',NULL,NULL,1,'2025-08-24 13:20:14','2025-08-24 15:37:06'),(3,1,3,'user','Uh','text',NULL,NULL,1,'2025-08-24 13:20:18','2025-08-24 15:37:06'),(4,1,3,'user','Hhhhh','text',NULL,NULL,1,'2025-08-24 13:20:21','2025-08-24 15:37:06'),(5,1,3,'user','Yygg','text',NULL,NULL,1,'2025-08-24 13:20:40','2025-08-24 15:37:06'),(6,2,4,'user','Available?','text',NULL,NULL,1,'2025-08-25 09:27:17','2025-08-26 04:25:38'),(7,2,4,'user','Uuhj','text',NULL,NULL,1,'2025-08-25 09:30:01','2025-08-26 04:25:38'),(8,2,4,'user','Hdhdhd','text',NULL,NULL,1,'2025-08-25 09:30:04','2025-08-26 04:25:38'),(9,2,4,'user','Hdhshd','text',NULL,NULL,1,'2025-08-25 09:30:11','2025-08-26 04:25:38'),(10,2,4,'user','Hshshd','text',NULL,NULL,1,'2025-08-25 09:30:13','2025-08-26 04:25:38'),(11,2,4,'user','Hshdd','text',NULL,NULL,1,'2025-08-25 09:30:15','2025-08-26 04:25:38'),(12,2,4,'user','Hshshd','text',NULL,NULL,1,'2025-08-25 09:31:16','2025-08-26 04:25:38'),(13,2,4,'user','Dhhdhd','text',NULL,NULL,1,'2025-08-25 09:31:18','2025-08-26 04:25:38'),(14,2,4,'user','Hdhehd','text',NULL,NULL,1,'2025-08-25 09:31:20','2025-08-26 04:25:38'),(15,2,4,'user','Hdhshd','text',NULL,NULL,1,'2025-08-25 09:31:22','2025-08-26 04:25:38'),(16,2,4,'user','Hehshd','text',NULL,NULL,1,'2025-08-25 09:31:24','2025-08-26 04:25:38'),(17,2,4,'user','That\'s dirty work','text',NULL,NULL,1,'2025-08-25 09:32:48','2025-08-26 04:25:38'),(18,1,2,'seller','Wok','text',NULL,NULL,1,'2025-08-26 04:25:47','2025-08-26 05:42:46'),(19,1,2,'seller','A','text',NULL,NULL,1,'2025-08-26 04:29:44','2025-08-26 05:42:46'),(20,1,2,'seller','Hghgg','text',NULL,NULL,1,'2025-08-26 04:29:47','2025-08-26 05:42:46');
/*!40000 ALTER TABLE `messages` ENABLE KEYS */;
UNLOCK TABLES;

--
-- Table structure for table `notifications`
--

DROP TABLE IF EXISTS `notifications`;
/*!40101 SET @saved_cs_client     = @@character_set_client */;
/*!50503 SET character_set_client = utf8mb4 */;
CREATE TABLE `notifications` (
  `id` int NOT NULL AUTO_INCREMENT,
  `user_id` int NOT NULL,
  `title` varchar(255) NOT NULL,
  `message` text NOT NULL,
  `type` enum('order','delivery','promotion','system','chat') NOT NULL DEFAULT 'system',
  `reference_id` int DEFAULT NULL,
  `reference_type` enum('order','product','seller','delivery_partner','chat') DEFAULT NULL,
  `action` varchar(100) DEFAULT NULL,
  `deep_link` varchar(255) DEFAULT NULL,
  `extra_data` json DEFAULT NULL,
  `is_read` tinyint(1) DEFAULT '0',
  `created_at` timestamp NULL DEFAULT CURRENT_TIMESTAMP,
  `updated_at` timestamp NULL DEFAULT CURRENT_TIMESTAMP ON UPDATE CURRENT_TIMESTAMP,
  PRIMARY KEY (`id`),
  KEY `idx_user_id` (`user_id`),
  KEY `idx_type` (`type`),
  KEY `idx_is_read` (`is_read`),
  KEY `idx_created_at` (`created_at`),
  CONSTRAINT `fk_notifications_user` FOREIGN KEY (`user_id`) REFERENCES `users` (`id`) ON DELETE CASCADE
) ENGINE=InnoDB AUTO_INCREMENT=3 DEFAULT CHARSET=utf8mb4 COLLATE=utf8mb4_0900_ai_ci;
/*!40101 SET character_set_client = @saved_cs_client */;

--
-- Dumping data for table `notifications`
--

LOCK TABLES `notifications` WRITE;
/*!40000 ALTER TABLE `notifications` DISABLE KEYS */;
INSERT INTO `notifications` VALUES (1,2,'Application Approved!','Congratulations, Boy! You can now start selling on Palenque Mart.','system',NULL,'seller','open_application_status',NULL,'null',0,'2025-08-21 09:56:46','2025-08-21 10:05:30'),(2,3,'Application Approved!','Congratulations, James Mickel! You can now start delivering for Palenque Mart.','system',NULL,'delivery_partner','open_application_status',NULL,'null',1,'2025-08-21 10:19:47','2025-08-21 10:31:37');
/*!40000 ALTER TABLE `notifications` ENABLE KEYS */;
UNLOCK TABLES;

--
-- Table structure for table `order_items`
--

DROP TABLE IF EXISTS `order_items`;
/*!40101 SET @saved_cs_client     = @@character_set_client */;
/*!50503 SET character_set_client = utf8mb4 */;
CREATE TABLE `order_items` (
  `id` int NOT NULL AUTO_INCREMENT,
  `order_id` int NOT NULL,
  `product_id` int NOT NULL,
  `seller_id` int NOT NULL,
  `quantity` int NOT NULL,
  `unit_price` decimal(10,2) NOT NULL,
  `total_price` decimal(10,2) NOT NULL,
  `preparation_options` json DEFAULT NULL,
  `item_status` enum('pending','confirmed','preparing','ready_for_pickup','rider_assigned','out_for_delivery','delivered','cancelled','refunded') DEFAULT 'pending',
  `seller_notes` text,
  `created_at` timestamp NULL DEFAULT CURRENT_TIMESTAMP,
  `updated_at` timestamp NULL DEFAULT CURRENT_TIMESTAMP ON UPDATE CURRENT_TIMESTAMP,
  PRIMARY KEY (`id`),
  KEY `idx_order_id` (`order_id`),
  KEY `idx_product_id` (`product_id`),
  KEY `idx_seller_id` (`seller_id`),
  KEY `idx_item_status` (`item_status`)
) ENGINE=InnoDB AUTO_INCREMENT=3 DEFAULT CHARSET=utf8mb4 COLLATE=utf8mb4_0900_ai_ci;
/*!40101 SET character_set_client = @saved_cs_client */;

--
-- Dumping data for table `order_items`
--

LOCK TABLES `order_items` WRITE;
/*!40000 ALTER TABLE `order_items` DISABLE KEYS */;
INSERT INTO `order_items` VALUES (1,1,1,1,1,120.00,120.00,'{}','delivered',NULL,'2025-08-27 11:43:02','2025-08-27 11:44:06'),(2,2,1,1,1,120.00,120.00,'{}','delivered',NULL,'2025-08-27 11:51:04','2025-08-27 11:51:47');
/*!40000 ALTER TABLE `order_items` ENABLE KEYS */;
UNLOCK TABLES;

--
-- Table structure for table `order_status_history`
--

DROP TABLE IF EXISTS `order_status_history`;
/*!40101 SET @saved_cs_client     = @@character_set_client */;
/*!50503 SET character_set_client = utf8mb4 */;
CREATE TABLE `order_status_history` (
  `id` int NOT NULL AUTO_INCREMENT,
  `order_id` int NOT NULL,
  `status` varchar(50) NOT NULL,
  `notes` text,
  `updated_by` int DEFAULT NULL,
  `created_at` timestamp NULL DEFAULT CURRENT_TIMESTAMP,
  PRIMARY KEY (`id`),
  KEY `idx_order_id` (`order_id`),
  KEY `idx_status` (`status`)
) ENGINE=InnoDB AUTO_INCREMENT=9 DEFAULT CHARSET=utf8mb4 COLLATE=utf8mb4_0900_ai_ci;
/*!40101 SET character_set_client = @saved_cs_client */;

--
-- Dumping data for table `order_status_history`
--

LOCK TABLES `order_status_history` WRITE;
/*!40000 ALTER TABLE `order_status_history` DISABLE KEYS */;
INSERT INTO `order_status_history` VALUES (1,1,'pending','Order placed successfully',NULL,'2025-08-27 11:43:02'),(2,1,'confirmed','Accept and confirm this order',2,'2025-08-27 11:43:13'),(3,1,'preparing','Begin preparing the order items',2,'2025-08-27 11:43:20'),(4,1,'ready_for_pickup','Order is ready for pickup by delivery partner',2,'2025-08-27 11:43:29'),(5,2,'pending','Order placed successfully',NULL,'2025-08-27 11:51:04'),(6,2,'confirmed','Accept and confirm this order',2,'2025-08-27 11:51:13'),(7,2,'preparing','Begin preparing the order items',2,'2025-08-27 11:51:18'),(8,2,'ready_for_pickup','Order is ready for pickup by delivery partner',2,'2025-08-27 11:51:24');
/*!40000 ALTER TABLE `order_status_history` ENABLE KEYS */;
UNLOCK TABLES;

--
-- Table structure for table `orders`
--

DROP TABLE IF EXISTS `orders`;
/*!40101 SET @saved_cs_client     = @@character_set_client */;
/*!50503 SET character_set_client = utf8mb4 */;
CREATE TABLE `orders` (
  `id` int NOT NULL AUTO_INCREMENT,
  `user_id` int NOT NULL,
  `seller_id` int NOT NULL,
  `order_number` varchar(30) NOT NULL,
  `status` enum('pending','confirmed','preparing','ready_for_pickup','rider_assigned','out_for_delivery','delivered','cancelled','refunded') DEFAULT 'pending',
  `payment_method` enum('cash_on_delivery','online_payment') DEFAULT 'cash_on_delivery',
  `payment_status` enum('pending','paid','failed','refunded') DEFAULT 'pending',
  `subtotal` decimal(10,2) NOT NULL,
  `delivery_fee` decimal(10,2) DEFAULT '0.00',
  `voucher_discount` decimal(10,2) DEFAULT '0.00',
  `total_amount` decimal(10,2) NOT NULL,
  `voucher_id` int DEFAULT NULL,
  `delivery_address_id` int DEFAULT NULL,
  `delivery_recipient_name` varchar(255) NOT NULL,
  `delivery_phone_number` varchar(20) NOT NULL,
  `delivery_street_address` text NOT NULL,
  `delivery_barangay` varchar(100) NOT NULL,
  `delivery_city` varchar(100) NOT NULL,
  `delivery_province` varchar(100) NOT NULL,
  `delivery_postal_code` varchar(10) DEFAULT NULL,
  `delivery_landmark` varchar(255) DEFAULT NULL,
  `delivery_latitude` decimal(10,8) DEFAULT NULL,
  `delivery_longitude` decimal(11,8) DEFAULT NULL,
  `delivery_notes` text,
  `estimated_delivery_time` timestamp NULL DEFAULT NULL,
  `delivered_at` timestamp NULL DEFAULT NULL,
  `cancelled_at` timestamp NULL DEFAULT NULL,
  `cancellation_reason` text,
  `created_at` timestamp NULL DEFAULT CURRENT_TIMESTAMP,
  `updated_at` timestamp NULL DEFAULT CURRENT_TIMESTAMP ON UPDATE CURRENT_TIMESTAMP,
  PRIMARY KEY (`id`),
  UNIQUE KEY `order_number` (`order_number`),
  KEY `idx_user_id` (`user_id`),
  KEY `idx_order_number` (`order_number`),
  KEY `idx_status` (`status`),
  KEY `idx_payment_status` (`payment_status`),
  KEY `idx_voucher_id` (`voucher_id`),
  KEY `idx_delivery_address_id` (`delivery_address_id`)
) ENGINE=InnoDB AUTO_INCREMENT=3 DEFAULT CHARSET=utf8mb4 COLLATE=utf8mb4_0900_ai_ci;
/*!40101 SET character_set_client = @saved_cs_client */;

--
-- Dumping data for table `orders`
--

LOCK TABLES `orders` WRITE;
/*!40000 ALTER TABLE `orders` DISABLE KEYS */;
INSERT INTO `orders` VALUES (1,4,1,'ORD1756294982824982','delivered','cash_on_delivery','pending',120.00,50.00,0.00,170.00,NULL,1,'James Ricarte','+639771495824','5 Tomas Cabiles Street','San Juan','Tabaco','Albay','4511','',NULL,NULL,'',NULL,'2025-08-27 11:44:06',NULL,NULL,'2025-08-27 11:43:02','2025-08-27 11:44:06'),(2,4,1,'ORD1756295464359777','delivered','cash_on_delivery','pending',120.00,50.00,0.00,170.00,NULL,1,'James Ricarte','+639771495824','5 Tomas Cabiles Street','San Juan','Tabaco','Albay','4511','',NULL,NULL,'',NULL,'2025-08-27 11:51:47',NULL,NULL,'2025-08-27 11:51:04','2025-08-27 11:51:47');
/*!40000 ALTER TABLE `orders` ENABLE KEYS */;
UNLOCK TABLES;

--
-- Table structure for table `product_reviews`
--

DROP TABLE IF EXISTS `product_reviews`;
/*!40101 SET @saved_cs_client     = @@character_set_client */;
/*!50503 SET character_set_client = utf8mb4 */;
CREATE TABLE `product_reviews` (
  `id` int NOT NULL AUTO_INCREMENT,
  `product_id` int NOT NULL,
  `user_id` int NOT NULL,
  `order_id` int NOT NULL,
  `rating` tinyint NOT NULL,
  `review_text` text,
  `is_verified_purchase` tinyint(1) DEFAULT '1',
  `helpful_count` int DEFAULT '0',
  `created_at` timestamp NULL DEFAULT CURRENT_TIMESTAMP,
  `updated_at` timestamp NULL DEFAULT CURRENT_TIMESTAMP ON UPDATE CURRENT_TIMESTAMP,
  PRIMARY KEY (`id`),
  UNIQUE KEY `unique_user_product_order` (`user_id`,`product_id`,`order_id`),
  KEY `idx_product_id` (`product_id`),
  KEY `idx_user_id` (`user_id`),
  KEY `idx_order_id` (`order_id`),
  KEY `idx_rating` (`rating`),
  KEY `idx_created_at` (`created_at`),
  CONSTRAINT `fk_product_reviews_order` FOREIGN KEY (`order_id`) REFERENCES `orders` (`id`) ON DELETE CASCADE,
  CONSTRAINT `fk_product_reviews_product` FOREIGN KEY (`product_id`) REFERENCES `products` (`id`) ON DELETE CASCADE,
  CONSTRAINT `fk_product_reviews_user` FOREIGN KEY (`user_id`) REFERENCES `users` (`id`) ON DELETE CASCADE,
  CONSTRAINT `product_reviews_chk_1` CHECK (((`rating` >= 1) and (`rating` <= 5)))
) ENGINE=InnoDB AUTO_INCREMENT=3 DEFAULT CHARSET=utf8mb4 COLLATE=utf8mb4_0900_ai_ci;
/*!40101 SET character_set_client = @saved_cs_client */;

--
-- Dumping data for table `product_reviews`
--

LOCK TABLES `product_reviews` WRITE;
/*!40000 ALTER TABLE `product_reviews` DISABLE KEYS */;
INSERT INTO `product_reviews` VALUES (1,1,4,1,5,'The product is great!',1,0,'2025-08-27 14:13:11','2025-08-27 14:13:11'),(2,1,4,2,5,'The product is great again!',1,2,'2025-08-27 14:28:10','2025-08-27 14:29:47');
/*!40000 ALTER TABLE `product_reviews` ENABLE KEYS */;
UNLOCK TABLES;

--
-- Table structure for table `products`
--

DROP TABLE IF EXISTS `products`;
/*!40101 SET @saved_cs_client     = @@character_set_client */;
/*!50503 SET character_set_client = utf8mb4 */;
CREATE TABLE `products` (
  `id` int NOT NULL AUTO_INCREMENT,
  `seller_id` int NOT NULL,
  `name` varchar(255) NOT NULL,
  `description` text,
  `price` decimal(10,2) NOT NULL,
  `stock_quantity` int NOT NULL DEFAULT '0',
  `category` varchar(100) DEFAULT NULL,
  `subcategory` varchar(100) DEFAULT NULL,
  `unit_type` enum('per_kilo','per_250g','per_500g','per_piece','per_bundle','per_pack','per_liter','per_dozen') DEFAULT 'per_piece',
  `freshness_indicator` varchar(255) DEFAULT NULL,
  `harvest_date` date DEFAULT NULL,
  `source_origin` varchar(255) DEFAULT NULL,
  `preparation_options` json DEFAULT NULL,
  `image_keys` varchar(255) DEFAULT NULL,
  `is_active` tinyint(1) DEFAULT '1',
  `created_at` timestamp NULL DEFAULT CURRENT_TIMESTAMP,
  `updated_at` timestamp NULL DEFAULT CURRENT_TIMESTAMP ON UPDATE CURRENT_TIMESTAMP,
  `average_rating` decimal(3,2) DEFAULT '0.00',
  `review_count` int DEFAULT '0',
  PRIMARY KEY (`id`),
  KEY `idx_seller_id` (`seller_id`),
  KEY `idx_is_active` (`is_active`),
  KEY `idx_category` (`category`),
  KEY `idx_average_rating` (`average_rating`)
) ENGINE=InnoDB AUTO_INCREMENT=2 DEFAULT CHARSET=utf8mb4 COLLATE=utf8mb4_0900_ai_ci;
/*!40101 SET character_set_client = @saved_cs_client */;

--
-- Dumping data for table `products`
--

LOCK TABLES `products` WRITE;
/*!40000 ALTER TABLE `products` DISABLE KEYS */;
INSERT INTO `products` VALUES (1,1,'Tilapia','',120.00,28,'Fish','Tilapia','per_500g','Harvested this morning','2025-08-22','Sourced from Daraga Market','{\"cut\": false, \"whole\": false, \"sliced\": false, \"cleaned\": false}','product-images/user_2/eb5f55da-d117-4a98-87a6-1db0b758fefc-photo.jpeg',1,'2025-08-22 13:55:24','2025-08-27 14:15:04',5.00,2);
/*!40000 ALTER TABLE `products` ENABLE KEYS */;
UNLOCK TABLES;

--
-- Table structure for table `review_helpfulness`
--

DROP TABLE IF EXISTS `review_helpfulness`;
/*!40101 SET @saved_cs_client     = @@character_set_client */;
/*!50503 SET character_set_client = utf8mb4 */;
CREATE TABLE `review_helpfulness` (
  `id` int NOT NULL AUTO_INCREMENT,
  `review_id` int NOT NULL,
  `review_type` enum('product','seller') NOT NULL,
  `user_id` int NOT NULL,
  `is_helpful` tinyint(1) NOT NULL,
  `created_at` timestamp NULL DEFAULT CURRENT_TIMESTAMP,
  PRIMARY KEY (`id`),
  UNIQUE KEY `unique_user_review` (`user_id`,`review_id`,`review_type`),
  KEY `idx_review_id_type` (`review_id`,`review_type`),
  KEY `idx_user_id` (`user_id`),
  CONSTRAINT `fk_review_helpfulness_user` FOREIGN KEY (`user_id`) REFERENCES `users` (`id`) ON DELETE CASCADE
) ENGINE=InnoDB AUTO_INCREMENT=3 DEFAULT CHARSET=utf8mb4 COLLATE=utf8mb4_0900_ai_ci;
/*!40101 SET character_set_client = @saved_cs_client */;

--
-- Dumping data for table `review_helpfulness`
--

LOCK TABLES `review_helpfulness` WRITE;
/*!40000 ALTER TABLE `review_helpfulness` DISABLE KEYS */;
INSERT INTO `review_helpfulness` VALUES (1,2,'product',4,1,'2025-08-27 14:29:10'),(2,2,'product',3,1,'2025-08-27 14:29:47');
/*!40000 ALTER TABLE `review_helpfulness` ENABLE KEYS */;
UNLOCK TABLES;

--
-- Table structure for table `review_media`
--

DROP TABLE IF EXISTS `review_media`;
/*!40101 SET @saved_cs_client     = @@character_set_client */;
/*!50503 SET character_set_client = utf8mb4 */;
CREATE TABLE `review_media` (
  `id` int NOT NULL AUTO_INCREMENT,
  `review_id` int NOT NULL,
  `review_type` enum('product','seller') NOT NULL,
  `media_type` enum('image','video') NOT NULL,
  `storage_key` varchar(500) NOT NULL,
  `file_name` varchar(255) NOT NULL,
  `file_size` int NOT NULL,
  `mime_type` varchar(100) NOT NULL,
  `thumbnail_key` varchar(500) DEFAULT NULL,
  `created_at` timestamp NULL DEFAULT CURRENT_TIMESTAMP,
  PRIMARY KEY (`id`),
  KEY `idx_review_id_type` (`review_id`,`review_type`),
  KEY `idx_media_type` (`media_type`),
  KEY `idx_created_at` (`created_at`)
) ENGINE=InnoDB AUTO_INCREMENT=4 DEFAULT CHARSET=utf8mb4 COLLATE=utf8mb4_0900_ai_ci;
/*!40101 SET character_set_client = @saved_cs_client */;

--
-- Dumping data for table `review_media`
--

LOCK TABLES `review_media` WRITE;
/*!40000 ALTER TABLE `review_media` DISABLE KEYS */;
INSERT INTO `review_media` VALUES (1,1,'product','image','user_4/order_1/c956aedc-6e97-4315-96b7-1e8e8841d304-538ecddb-4438-47ee-8c6b-47d93273dc82.jpeg','538ecddb-4438-47ee-8c6b-47d93273dc82.jpeg',88887,'image/jpeg',NULL,'2025-08-27 14:13:12'),(2,2,'product','image','user_4/order_2/ed541414-3c16-4361-9722-846883d72e24-bcf01fc5-8dac-4221-ac3b-7a0336e688e0.jpeg','bcf01fc5-8dac-4221-ac3b-7a0336e688e0.jpeg',667938,'image/jpeg',NULL,'2025-08-27 14:28:11'),(3,2,'product','image','user_4/order_2/66a8a32e-7314-434f-9b2b-35dd3daa1a11-50ca4218-35df-44ea-af5e-3fd99de34b52.jpeg','50ca4218-35df-44ea-af5e-3fd99de34b52.jpeg',1412543,'image/jpeg',NULL,'2025-08-27 14:28:12');
/*!40000 ALTER TABLE `review_media` ENABLE KEYS */;
UNLOCK TABLES;

--
-- Table structure for table `seller_addresses`
--

DROP TABLE IF EXISTS `seller_addresses`;
/*!40101 SET @saved_cs_client     = @@character_set_client */;
/*!50503 SET character_set_client = utf8mb4 */;
CREATE TABLE `seller_addresses` (
  `id` int NOT NULL AUTO_INCREMENT,
  `application_id` int NOT NULL,
  `type` enum('pickup','return','store') NOT NULL,
  `street_address` text NOT NULL,
  `barangay` varchar(100) NOT NULL,
  `city` varchar(100) NOT NULL,
  `province` varchar(100) NOT NULL,
  `postal_code` varchar(10) DEFAULT NULL,
  `landmark` varchar(255) DEFAULT NULL,
  `latitude` decimal(10,8) DEFAULT NULL,
  `longitude` decimal(11,8) DEFAULT NULL,
  `created_at` timestamp NULL DEFAULT CURRENT_TIMESTAMP,
  `updated_at` timestamp NULL DEFAULT CURRENT_TIMESTAMP ON UPDATE CURRENT_TIMESTAMP,
  PRIMARY KEY (`id`),
  UNIQUE KEY `unique_application_type` (`application_id`,`type`),
  KEY `idx_application_id` (`application_id`),
  KEY `idx_type` (`type`),
  KEY `idx_coordinates` (`latitude`,`longitude`)
) ENGINE=InnoDB AUTO_INCREMENT=4 DEFAULT CHARSET=utf8mb4 COLLATE=utf8mb4_0900_ai_ci;
/*!40101 SET character_set_client = @saved_cs_client */;

--
-- Dumping data for table `seller_addresses`
--

LOCK TABLES `seller_addresses` WRITE;
/*!40000 ALTER TABLE `seller_addresses` DISABLE KEYS */;
INSERT INTO `seller_addresses` VALUES (1,1,'pickup','Karangahan Boulevard','Bangkilingan','Tabaco','Albay','4511','Near Melgar Bakery',13.35740334,123.71860340,'2025-08-21 09:55:58','2025-08-21 09:55:58'),(2,1,'return','Jamaica Mansions','Panal','Tabaco','Albay','4511','Behind of club house',13.35240352,123.72115351,'2025-08-21 09:55:58','2025-08-21 09:55:58'),(3,1,'store','Llorente Street','Quinale Cabasan','Tabaco','Albay','4511','Behind City mall',13.35888333,123.73111255,'2025-08-21 09:55:58','2025-08-21 09:55:58');
/*!40000 ALTER TABLE `seller_addresses` ENABLE KEYS */;
UNLOCK TABLES;

--
-- Table structure for table `seller_applications`
--

DROP TABLE IF EXISTS `seller_applications`;
/*!40101 SET @saved_cs_client     = @@character_set_client */;
/*!50503 SET character_set_client = utf8mb4 */;
CREATE TABLE `seller_applications` (
  `id` int NOT NULL AUTO_INCREMENT,
  `user_id` int NOT NULL,
  `application_id` varchar(20) NOT NULL,
  `account_type` enum('individual','business') NOT NULL,
  `status` enum('pending','approved','rejected','under_review','needs_resubmission') DEFAULT 'pending',
  `rejection_reason` text,
  `created_at` timestamp NULL DEFAULT CURRENT_TIMESTAMP,
  `updated_at` timestamp NULL DEFAULT CURRENT_TIMESTAMP ON UPDATE CURRENT_TIMESTAMP,
  `reviewed_at` timestamp NULL DEFAULT NULL,
  `reviewed_by` int DEFAULT NULL,
  PRIMARY KEY (`id`),
  UNIQUE KEY `application_id` (`application_id`),
  KEY `idx_user_id` (`user_id`),
  KEY `idx_application_id` (`application_id`),
  KEY `idx_status` (`status`),
  KEY `idx_reviewed_by` (`reviewed_by`)
) ENGINE=InnoDB AUTO_INCREMENT=2 DEFAULT CHARSET=utf8mb4 COLLATE=utf8mb4_0900_ai_ci;
/*!40101 SET character_set_client = @saved_cs_client */;

--
-- Dumping data for table `seller_applications`
--

LOCK TABLES `seller_applications` WRITE;
/*!40000 ALTER TABLE `seller_applications` DISABLE KEYS */;
INSERT INTO `seller_applications` VALUES (1,2,'APP70155528','individual','approved',NULL,'2025-08-21 09:55:55','2025-08-21 09:56:44','2025-08-21 09:56:44',1);
/*!40000 ALTER TABLE `seller_applications` ENABLE KEYS */;
UNLOCK TABLES;

--
-- Table structure for table `seller_business_details`
--

DROP TABLE IF EXISTS `seller_business_details`;
/*!40101 SET @saved_cs_client     = @@character_set_client */;
/*!50503 SET character_set_client = utf8mb4 */;
CREATE TABLE `seller_business_details` (
  `id` int NOT NULL AUTO_INCREMENT,
  `application_id` int NOT NULL,
  `business_name` varchar(255) NOT NULL,
  `business_registration_number` varchar(100) NOT NULL,
  `contact_person` varchar(255) NOT NULL,
  `business_address` text NOT NULL,
  `created_at` timestamp NULL DEFAULT CURRENT_TIMESTAMP,
  `updated_at` timestamp NULL DEFAULT CURRENT_TIMESTAMP ON UPDATE CURRENT_TIMESTAMP,
  PRIMARY KEY (`id`),
  KEY `idx_application_id` (`application_id`)
) ENGINE=InnoDB DEFAULT CHARSET=utf8mb4 COLLATE=utf8mb4_0900_ai_ci;
/*!40101 SET character_set_client = @saved_cs_client */;

--
-- Dumping data for table `seller_business_details`
--

LOCK TABLES `seller_business_details` WRITE;
/*!40000 ALTER TABLE `seller_business_details` DISABLE KEYS */;
/*!40000 ALTER TABLE `seller_business_details` ENABLE KEYS */;
UNLOCK TABLES;

--
-- Table structure for table `seller_documents`
--

DROP TABLE IF EXISTS `seller_documents`;
/*!40101 SET @saved_cs_client     = @@character_set_client */;
/*!50503 SET character_set_client = utf8mb4 */;
CREATE TABLE `seller_documents` (
  `id` int NOT NULL AUTO_INCREMENT,
  `application_id` int NOT NULL,
  `document_type` enum('government_id','selfie_with_id','business_documents','bank_statement','store_logo') NOT NULL,
  `storage_key` varchar(500) NOT NULL,
  `file_name` varchar(255) NOT NULL,
  `file_size` int NOT NULL,
  `mime_type` varchar(100) NOT NULL,
  `verification_status` enum('pending','verified','rejected') DEFAULT 'pending',
  `rejection_reason` text,
  `created_at` timestamp NULL DEFAULT CURRENT_TIMESTAMP,
  `updated_at` timestamp NULL DEFAULT CURRENT_TIMESTAMP ON UPDATE CURRENT_TIMESTAMP,
  PRIMARY KEY (`id`),
  KEY `idx_application_id` (`application_id`),
  KEY `idx_document_type` (`document_type`),
  KEY `idx_verification_status` (`verification_status`)
) ENGINE=InnoDB AUTO_INCREMENT=5 DEFAULT CHARSET=utf8mb4 COLLATE=utf8mb4_0900_ai_ci;
/*!40101 SET character_set_client = @saved_cs_client */;

--
-- Dumping data for table `seller_documents`
--

LOCK TABLES `seller_documents` WRITE;
/*!40000 ALTER TABLE `seller_documents` DISABLE KEYS */;
INSERT INTO `seller_documents` VALUES (1,1,'government_id','user_2/APP70155528/government_id-1755770155565.png','UMID_EMV_sample.png',3902179,'image/png','verified',NULL,'2025-08-21 09:55:58','2025-08-21 09:56:32'),(2,1,'selfie_with_id','user_2/APP70155528/selfie_with_id-1755770157231.jpeg','selfie_with_id.jpeg',18972,'image/jpeg','verified',NULL,'2025-08-21 09:55:58','2025-08-21 09:56:36'),(3,1,'bank_statement','user_2/APP70155528/bank_statement-1755770157654.png','images%20(1).png',26986,'image/png','pending',NULL,'2025-08-21 09:55:58','2025-08-21 09:55:58');
/*!40000 ALTER TABLE `seller_documents` ENABLE KEYS */;
UNLOCK TABLES;

--
-- Table structure for table `seller_reviews`
--

DROP TABLE IF EXISTS `seller_reviews`;
/*!40101 SET @saved_cs_client     = @@character_set_client */;
/*!50503 SET character_set_client = utf8mb4 */;
CREATE TABLE `seller_reviews` (
  `id` int NOT NULL AUTO_INCREMENT,
  `seller_id` int NOT NULL,
  `user_id` int NOT NULL,
  `order_id` int NOT NULL,
  `rating` tinyint NOT NULL,
  `review_text` text,
  `service_aspects` json DEFAULT NULL,
  `created_at` timestamp NULL DEFAULT CURRENT_TIMESTAMP,
  `updated_at` timestamp NULL DEFAULT CURRENT_TIMESTAMP ON UPDATE CURRENT_TIMESTAMP,
  PRIMARY KEY (`id`),
  UNIQUE KEY `unique_user_seller_order` (`user_id`,`seller_id`,`order_id`),
  KEY `idx_seller_id` (`seller_id`),
  KEY `idx_user_id` (`user_id`),
  KEY `idx_order_id` (`order_id`),
  KEY `idx_rating` (`rating`),
  KEY `idx_created_at` (`created_at`),
  CONSTRAINT `fk_seller_reviews_order` FOREIGN KEY (`order_id`) REFERENCES `orders` (`id`) ON DELETE CASCADE,
  CONSTRAINT `fk_seller_reviews_seller` FOREIGN KEY (`seller_id`) REFERENCES `sellers` (`id`) ON DELETE CASCADE,
  CONSTRAINT `fk_seller_reviews_user` FOREIGN KEY (`user_id`) REFERENCES `users` (`id`) ON DELETE CASCADE,
  CONSTRAINT `seller_reviews_chk_1` CHECK (((`rating` >= 1) and (`rating` <= 5)))
) ENGINE=InnoDB AUTO_INCREMENT=3 DEFAULT CHARSET=utf8mb4 COLLATE=utf8mb4_0900_ai_ci;
/*!40101 SET character_set_client = @saved_cs_client */;

--
-- Dumping data for table `seller_reviews`
--

LOCK TABLES `seller_reviews` WRITE;
/*!40000 ALTER TABLE `seller_reviews` DISABLE KEYS */;
INSERT INTO `seller_reviews` VALUES (1,1,4,1,5,'The seller is great!','{\"packaging\": 5, \"communication\": 5, \"delivery_speed\": 5}','2025-08-27 14:12:24','2025-08-27 14:12:24'),(2,1,4,2,5,'The seller is great again!','{\"packaging\": 5, \"communication\": 5, \"delivery_speed\": 5}','2025-08-27 14:26:10','2025-08-27 14:26:10');
/*!40000 ALTER TABLE `seller_reviews` ENABLE KEYS */;
UNLOCK TABLES;

--
-- Table structure for table `seller_store_profiles`
--

DROP TABLE IF EXISTS `seller_store_profiles`;
/*!40101 SET @saved_cs_client     = @@character_set_client */;
/*!50503 SET character_set_client = utf8mb4 */;
CREATE TABLE `seller_store_profiles` (
  `id` int NOT NULL AUTO_INCREMENT,
  `application_id` int NOT NULL,
  `store_name` varchar(255) NOT NULL,
  `store_description` text NOT NULL,
  `store_logo_key` varchar(500) DEFAULT NULL,
  `created_at` timestamp NULL DEFAULT CURRENT_TIMESTAMP,
  `updated_at` timestamp NULL DEFAULT CURRENT_TIMESTAMP ON UPDATE CURRENT_TIMESTAMP,
  PRIMARY KEY (`id`),
  KEY `idx_application_id` (`application_id`)
) ENGINE=InnoDB AUTO_INCREMENT=2 DEFAULT CHARSET=utf8mb4 COLLATE=utf8mb4_0900_ai_ci;
/*!40101 SET character_set_client = @saved_cs_client */;

--
-- Dumping data for table `seller_store_profiles`
--

LOCK TABLES `seller_store_profiles` WRITE;
/*!40000 ALTER TABLE `seller_store_profiles` DISABLE KEYS */;
INSERT INTO `seller_store_profiles` VALUES (1,1,'Boy Banat Store','Fresh seller','sellers/SELL70204724/store_logos/store_logo_1755770205878.jpeg','2025-08-21 09:55:58','2025-08-21 09:56:46');
/*!40000 ALTER TABLE `seller_store_profiles` ENABLE KEYS */;
UNLOCK TABLES;

--
-- Table structure for table `sellers`
--

DROP TABLE IF EXISTS `sellers`;
/*!40101 SET @saved_cs_client     = @@character_set_client */;
/*!50503 SET character_set_client = utf8mb4 */;
CREATE TABLE `sellers` (
  `id` int NOT NULL AUTO_INCREMENT,
  `user_id` int NOT NULL,
  `application_id` int NOT NULL,
  `seller_id` varchar(20) NOT NULL,
  `account_type` enum('individual','business') NOT NULL,
  `store_name` varchar(255) NOT NULL,
  `store_description` text NOT NULL,
  `store_logo_key` varchar(500) DEFAULT NULL,
  `is_active` tinyint(1) DEFAULT '1',
  `created_at` timestamp NULL DEFAULT CURRENT_TIMESTAMP,
  `updated_at` timestamp NULL DEFAULT CURRENT_TIMESTAMP ON UPDATE CURRENT_TIMESTAMP,
  `average_rating` decimal(3,2) DEFAULT '0.00',
  `review_count` int DEFAULT '0',
  PRIMARY KEY (`id`),
  UNIQUE KEY `seller_id` (`seller_id`),
  KEY `application_id` (`application_id`),
  KEY `idx_user_id` (`user_id`),
  KEY `idx_seller_id` (`seller_id`),
  KEY `idx_is_active` (`is_active`),
  KEY `idx_average_rating` (`average_rating`)
) ENGINE=InnoDB AUTO_INCREMENT=2 DEFAULT CHARSET=utf8mb4 COLLATE=utf8mb4_0900_ai_ci;
/*!40101 SET character_set_client = @saved_cs_client */;

--
-- Dumping data for table `sellers`
--

LOCK TABLES `sellers` WRITE;
/*!40000 ALTER TABLE `sellers` DISABLE KEYS */;
INSERT INTO `sellers` VALUES (1,2,1,'SELL70204724','individual','Boy Banat Store','Fresh seller','sellers/SELL70204724/store_logos/store_logo_1755770205878.jpeg',1,'2025-08-21 09:56:44','2025-08-27 14:26:10',5.00,2);
/*!40000 ALTER TABLE `sellers` ENABLE KEYS */;
UNLOCK TABLES;

--
-- Table structure for table `user_addresses`
--

DROP TABLE IF EXISTS `user_addresses`;
/*!40101 SET @saved_cs_client     = @@character_set_client */;
/*!50503 SET character_set_client = utf8mb4 */;
CREATE TABLE `user_addresses` (
  `id` int NOT NULL AUTO_INCREMENT,
  `user_id` int NOT NULL,
  `address_type` enum('home','work','other') DEFAULT 'home',
  `recipient_name` varchar(255) NOT NULL,
  `phone_number` varchar(20) NOT NULL,
  `street_address` text NOT NULL,
  `barangay` varchar(100) NOT NULL,
  `city` varchar(100) NOT NULL,
  `province` varchar(100) NOT NULL,
  `postal_code` varchar(10) DEFAULT NULL,
  `landmark` varchar(255) DEFAULT NULL,
  `latitude` decimal(10,8) DEFAULT NULL,
  `longitude` decimal(11,8) DEFAULT NULL,
  `is_default` tinyint(1) DEFAULT '0',
  `created_at` timestamp NULL DEFAULT CURRENT_TIMESTAMP,
  `updated_at` timestamp NULL DEFAULT CURRENT_TIMESTAMP ON UPDATE CURRENT_TIMESTAMP,
  PRIMARY KEY (`id`),
  KEY `idx_user_id` (`user_id`),
  KEY `idx_is_default` (`is_default`),
  KEY `idx_coordinates` (`latitude`,`longitude`)
) ENGINE=InnoDB AUTO_INCREMENT=2 DEFAULT CHARSET=utf8mb4 COLLATE=utf8mb4_0900_ai_ci;
/*!40101 SET character_set_client = @saved_cs_client */;

--
-- Dumping data for table `user_addresses`
--

LOCK TABLES `user_addresses` WRITE;
/*!40000 ALTER TABLE `user_addresses` DISABLE KEYS */;
INSERT INTO `user_addresses` VALUES (1,4,'home','James Ricarte','+639771495824','5 Tomas Cabiles Street','San Juan','Tabaco','Albay','4511','',13.35647071,123.72625172,0,'2025-08-22 13:57:20','2025-08-22 13:57:20');
/*!40000 ALTER TABLE `user_addresses` ENABLE KEYS */;
UNLOCK TABLES;

--
-- Table structure for table `users`
--

DROP TABLE IF EXISTS `users`;
/*!40101 SET @saved_cs_client     = @@character_set_client */;
/*!50503 SET character_set_client = utf8mb4 */;
CREATE TABLE `users` (
  `id` int NOT NULL AUTO_INCREMENT,
  `first_name` varchar(45) DEFAULT NULL,
  `last_name` varchar(45) DEFAULT NULL,
  `email` varchar(45) DEFAULT NULL,
  `password` varchar(255) NOT NULL,
  `phone` varchar(20) DEFAULT NULL,
  `profile_picture` varchar(255) DEFAULT NULL,
  `birth_date` varchar(100) DEFAULT NULL,
  `gender` enum('male','female','non-binary','prefer-not-to-say') DEFAULT NULL,
  `role` enum('user','admin','super_admin') DEFAULT 'user',
  `is_active` tinyint(1) DEFAULT '1',
  `created_at` timestamp NULL DEFAULT CURRENT_TIMESTAMP,
  `updated_at` timestamp NULL DEFAULT CURRENT_TIMESTAMP ON UPDATE CURRENT_TIMESTAMP,
  PRIMARY KEY (`id`),
  UNIQUE KEY `email_UNIQUE` (`email`),
  KEY `idx_role` (`role`),
  KEY `idx_is_active` (`is_active`)
) ENGINE=InnoDB AUTO_INCREMENT=6 DEFAULT CHARSET=utf8mb4 COLLATE=utf8mb4_0900_ai_ci;
/*!40101 SET character_set_client = @saved_cs_client */;

--
-- Dumping data for table `users`
--

LOCK TABLES `users` WRITE;
/*!40000 ALTER TABLE `users` DISABLE KEYS */;
INSERT INTO `users` VALUES (1,'Admin','User','admin@pm.com','$2b$10$.XCLqvtKmsvLjYlwJtFydesWreC1nDMsBZ06ScWr6DmQyA/9aOJLy',NULL,NULL,NULL,NULL,'admin',1,'2025-07-17 06:43:52','2025-07-17 07:01:30'),(2,'Boy','Banat','gdashrobtob@gmail.com','$2b$10$Yef/Ilvzh7I7cPCEXKnkEejwmNYoup7mujWOsJsil0MUVSuwdWc9K','+639771495823',NULL,'2003-01-03','male','user',1,'2025-08-21 07:03:31','2025-08-21 07:06:15'),(3,'James Mickel','Ricarte','jamesmickelricarte@gmail.com','$2b$10$3Z.5toj.ap4oFlg1TxUBtet6/PLdqGpn5QmMRdWzFDGMaNyGv0S/e','+639771495822',NULL,'2003-01-03','male','user',1,'2025-08-21 10:00:16','2025-08-21 10:01:58'),(4,'James','Ricarte','uhenyou@gmail.com','$2b$10$LkH7AwAazGYdJDgq3ErQAuc1dH0xx41krItqxn7go9BViFWVYG11W','+639771495824',NULL,NULL,NULL,'user',1,'2025-08-21 10:49:44','2025-08-23 02:28:10'),(5,'Marita','Ricarte','maritaricarte@gmail.com','$2b$10$XltCDtGt192L0M2rWDIZD.vSgXm8ocULFcK9hHdmpdkA7zCiZZhuq','+639771495821',NULL,NULL,NULL,'user',1,'2025-08-25 12:37:40','2025-08-25 12:38:30');
/*!40000 ALTER TABLE `users` ENABLE KEYS */;
UNLOCK TABLES;

--
-- Table structure for table `vouchers`
--

DROP TABLE IF EXISTS `vouchers`;
/*!40101 SET @saved_cs_client     = @@character_set_client */;
/*!50503 SET character_set_client = utf8mb4 */;
CREATE TABLE `vouchers` (
  `id` int NOT NULL AUTO_INCREMENT,
  `code` varchar(50) NOT NULL,
  `title` varchar(255) NOT NULL,
  `description` text,
  `discount_type` enum('percentage','fixed_amount') NOT NULL,
  `discount_value` decimal(10,2) NOT NULL,
  `minimum_order_amount` decimal(10,2) DEFAULT '0.00',
  `maximum_discount_amount` decimal(10,2) DEFAULT NULL,
  `usage_limit` int DEFAULT NULL,
  `used_count` int DEFAULT '0',
  `valid_from` timestamp NOT NULL,
  `valid_until` timestamp NOT NULL,
  `is_active` tinyint(1) DEFAULT '1',
  `created_at` timestamp NULL DEFAULT CURRENT_TIMESTAMP,
  `updated_at` timestamp NULL DEFAULT CURRENT_TIMESTAMP ON UPDATE CURRENT_TIMESTAMP,
  PRIMARY KEY (`id`),
  UNIQUE KEY `code` (`code`),
  KEY `idx_code` (`code`),
  KEY `idx_is_active` (`is_active`),
  KEY `idx_valid_dates` (`valid_from`,`valid_until`)
) ENGINE=InnoDB AUTO_INCREMENT=4 DEFAULT CHARSET=utf8mb4 COLLATE=utf8mb4_0900_ai_ci;
/*!40101 SET character_set_client = @saved_cs_client */;

--
-- Dumping data for table `vouchers`
--

LOCK TABLES `vouchers` WRITE;
/*!40000 ALTER TABLE `vouchers` DISABLE KEYS */;
INSERT INTO `vouchers` VALUES (1,'WELCOME10','Welcome Discount','Get 10% off on your first order','percentage',10.00,100.00,50.00,NULL,0,'2025-01-01 00:00:00','2025-12-31 23:59:59',1,'2025-07-22 08:00:00','2025-07-22 08:00:00'),(2,'SAVE20','Save 20','Get 20 off on orders above 200','fixed_amount',20.00,200.00,NULL,NULL,0,'2025-01-01 00:00:00','2025-12-31 23:59:59',1,'2025-07-22 08:00:00','2025-07-22 08:00:00'),(3,'FREESHIP','Free Shipping','Free delivery on orders above 500','fixed_amount',50.00,500.00,NULL,100,0,'2025-01-01 00:00:00','2025-12-31 23:59:59',1,'2025-07-22 08:00:00','2025-07-22 08:00:00');
/*!40000 ALTER TABLE `vouchers` ENABLE KEYS */;
UNLOCK TABLES;
/*!40103 SET TIME_ZONE=@OLD_TIME_ZONE */;

/*!40101 SET SQL_MODE=@OLD_SQL_MODE */;
/*!40014 SET FOREIGN_KEY_CHECKS=@OLD_FOREIGN_KEY_CHECKS */;
/*!40014 SET UNIQUE_CHECKS=@OLD_UNIQUE_CHECKS */;
/*!40101 SET CHARACTER_SET_CLIENT=@OLD_CHARACTER_SET_CLIENT */;
/*!40101 SET CHARACTER_SET_RESULTS=@OLD_CHARACTER_SET_RESULTS */;
/*!40101 SET COLLATION_CONNECTION=@OLD_COLLATION_CONNECTION */;
/*!40111 SET SQL_NOTES=@OLD_SQL_NOTES */;

-- Dump completed on 2025-08-27 22:31:03
